tau,prob_actions,results
0.5,"[0.09090909090909091, 0.09090909090909091, 0.09090909090909091, 0.09090909090909091, 0.09090909090909091, 0.09090909090909091, 0.09090909090909091, 0.09090909090909091, 0.09090909090909091, 0.09090909090909091, 0.09090909090909091]","([0], [5], [1], [1])"
0.5,"[0.05750743423396601, 0.05750743423396601, 0.05750743423396601, 0.05750743423396601, 0.05750743423396601, 0.4249256576603398, 0.05750743423396601, 0.05750743423396601, 0.05750743423396601, 0.05750743423396601, 0.05750743423396601]","([1], [7], [1], [2])"
0.5,"[0.04205548328138278, 0.04205548328138278, 0.04205548328138278, 0.04205548328138278, 0.04205548328138278, 0.3107503252337775, 0.04205548328138278, 0.3107503252337775, 0.04205548328138278, 0.04205548328138278, 0.04205548328138278]","([2], [5], [1], [3])"
0.5,"[0.04205548328138278, 0.04205548328138278, 0.04205548328138278, 0.04205548328138278, 0.04205548328138278, 0.3107503252337775, 0.04205548328138278, 0.3107503252337775, 0.04205548328138278, 0.04205548328138278, 0.04205548328138278]","([3], [7], [1], [4])"
0.5,"[0.04205548328138278, 0.04205548328138278, 0.04205548328138278, 0.04205548328138278, 0.04205548328138278, 0.3107503252337775, 0.04205548328138278, 0.3107503252337775, 0.04205548328138278, 0.04205548328138278, 0.04205548328138278]","([4], [0], [1], [5])"
0.5,"[0.24493701318716152, 0.03314862005481444, 0.03314862005481444, 0.03314862005481444, 0.03314862005481444, 0.24493701318716152, 0.03314862005481444, 0.24493701318716152, 0.03314862005481444, 0.03314862005481444, 0.03314862005481444]","([5], [10], [1], [6])"
0.5,"[0.2021285354566112, 0.027355122596222185, 0.027355122596222185, 0.027355122596222185, 0.027355122596222185, 0.2021285354566112, 0.027355122596222185, 0.2021285354566112, 0.027355122596222185, 0.027355122596222185, 0.2021285354566112]","([6], [7], [1], [7])"
0.5,"[0.2021285354566112, 0.027355122596222185, 0.027355122596222185, 0.027355122596222185, 0.027355122596222185, 0.2021285354566112, 0.027355122596222185, 0.2021285354566112, 0.027355122596222185, 0.027355122596222185, 0.2021285354566112]","([7], [8], [1], [8])"
0.5,"[0.17205746507699718, 0.023285445769169008, 0.023285445769169008, 0.023285445769169008, 0.023285445769169008, 0.17205746507699718, 0.023285445769169008, 0.17205746507699718, 0.17205746507699718, 0.023285445769169008, 0.17205746507699718]","([8], [1], [1], [9])"
0.5,"[0.14977511828732326, 0.14977511828732326, 0.020269858055212062, 0.020269858055212062, 0.020269858055212062, 0.14977511828732326, 0.020269858055212062, 0.14977511828732326, 0.14977511828732326, 0.020269858055212062, 0.14977511828732326]","([9], [10], [1], [10])"
0.5,"[0.14977511828732326, 0.14977511828732326, 0.020269858055212062, 0.020269858055212062, 0.020269858055212062, 0.14977511828732326, 0.020269858055212062, 0.14977511828732326, 0.14977511828732326, 0.020269858055212062, 0.14977511828732326]","([10], [2], [1], [11])"
0.5,"[0.1326024088250326, 0.1326024088250326, 0.1326024088250326, 0.0179457845561929, 0.0179457845561929, 0.1326024088250326, 0.0179457845561929, 0.1326024088250326, 0.1326024088250326, 0.0179457845561929, 0.1326024088250326]","([11], [7], [1], [12])"
0.5,"[0.1326024088250326, 0.1326024088250326, 0.1326024088250326, 0.0179457845561929, 0.0179457845561929, 0.1326024088250326, 0.0179457845561929, 0.1326024088250326, 0.1326024088250326, 0.0179457845561929, 0.1326024088250326]","([12], [3], [1], [13])"
0.5,"[0.11896256294355521, 0.11896256294355521, 0.11896256294355521, 0.11896256294355521, 0.016099832150519407, 0.11896256294355521, 0.016099832150519407, 0.11896256294355521, 0.11896256294355521, 0.016099832150519407, 0.11896256294355521]","([13], [0], [1], [14])"
0.5,"[0.11896256294355521, 0.11896256294355521, 0.11896256294355521, 0.11896256294355521, 0.016099832150519407, 0.11896256294355521, 0.016099832150519407, 0.11896256294355521, 0.11896256294355521, 0.016099832150519407, 0.11896256294355521]","([14], [3], [1], [15])"
0.5,"[0.11896256294355521, 0.11896256294355521, 0.11896256294355521, 0.11896256294355521, 0.016099832150519407, 0.11896256294355521, 0.016099832150519407, 0.11896256294355521, 0.11896256294355521, 0.016099832150519407, 0.11896256294355521]","([15], [7], [1], [16])"
0.5,"[0.11896256294355521, 0.11896256294355521, 0.11896256294355521, 0.11896256294355521, 0.016099832150519407, 0.11896256294355521, 0.016099832150519407, 0.11896256294355521, 0.11896256294355521, 0.016099832150519407, 0.11896256294355521]","([16], [1], [1], [17])"
0.5,"[0.11896256294355521, 0.11896256294355521, 0.11896256294355521, 0.11896256294355521, 0.016099832150519407, 0.11896256294355521, 0.016099832150519407, 0.11896256294355521, 0.11896256294355521, 0.016099832150519407, 0.11896256294355521]","([17], [3], [1], [18])"
0.5,"[0.11896256294355521, 0.11896256294355521, 0.11896256294355521, 0.11896256294355521, 0.016099832150519407, 0.11896256294355521, 0.016099832150519407, 0.11896256294355521, 0.11896256294355521, 0.016099832150519407, 0.11896256294355521]","([18], [7], [1], [19])"
0.5,"[0.11896256294355521, 0.11896256294355521, 0.11896256294355521, 0.11896256294355521, 0.016099832150519407, 0.11896256294355521, 0.016099832150519407, 0.11896256294355521, 0.11896256294355521, 0.016099832150519407, 0.11896256294355521]","([19], [5], [1], [20])"
0.5,"[0.11896256294355521, 0.11896256294355521, 0.11896256294355521, 0.11896256294355521, 0.016099832150519407, 0.11896256294355521, 0.016099832150519407, 0.11896256294355521, 0.11896256294355521, 0.016099832150519407, 0.11896256294355521]","([20], [4], [1], [21])"
0.5,"[0.10786706234783433, 0.10786706234783433, 0.10786706234783433, 0.10786706234783433, 0.10786706234783433, 0.10786706234783433, 0.014598219434745518, 0.10786706234783433, 0.10786706234783433, 0.014598219434745518, 0.10786706234783433]","([21], [4], [1], [22])"
0.5,"[0.10786706234783433, 0.10786706234783433, 0.10786706234783433, 0.10786706234783433, 0.10786706234783433, 0.10786706234783433, 0.014598219434745518, 0.10786706234783433, 0.10786706234783433, 0.014598219434745518, 0.10786706234783433]","([22], [4], [1], [23])"
0.5,"[0.10786706234783433, 0.10786706234783433, 0.10786706234783433, 0.10786706234783433, 0.10786706234783433, 0.10786706234783433, 0.014598219434745518, 0.10786706234783433, 0.10786706234783433, 0.014598219434745518, 0.10786706234783433]","([23], [8], [1], [24])"
0.5,"[0.10786706234783433, 0.10786706234783433, 0.10786706234783433, 0.10786706234783433, 0.10786706234783433, 0.10786706234783433, 0.014598219434745518, 0.10786706234783433, 0.10786706234783433, 0.014598219434745518, 0.10786706234783433]","([24], [0], [1], [25])"
0.5,"[0.10786706234783433, 0.10786706234783433, 0.10786706234783433, 0.10786706234783433, 0.10786706234783433, 0.10786706234783433, 0.014598219434745518, 0.10786706234783433, 0.10786706234783433, 0.014598219434745518, 0.10786706234783433]","([25], [0], [1], [26])"
0.5,"[0.10786706234783433, 0.10786706234783433, 0.10786706234783433, 0.10786706234783433, 0.10786706234783433, 0.10786706234783433, 0.014598219434745518, 0.10786706234783433, 0.10786706234783433, 0.014598219434745518, 0.10786706234783433]","([26], [8], [1], [27])"
0.5,"[0.10786706234783433, 0.10786706234783433, 0.10786706234783433, 0.10786706234783433, 0.10786706234783433, 0.10786706234783433, 0.014598219434745518, 0.10786706234783433, 0.10786706234783433, 0.014598219434745518, 0.10786706234783433]","([27], [1], [1], [28])"
0.5,"[0.10786706234783433, 0.10786706234783433, 0.10786706234783433, 0.10786706234783433, 0.10786706234783433, 0.10786706234783433, 0.014598219434745518, 0.10786706234783433, 0.10786706234783433, 0.014598219434745518, 0.10786706234783433]","([28], [6], [1], [29])"
0.5,"[0.0986647182411375, 0.0986647182411375, 0.0986647182411375, 0.0986647182411375, 0.0986647182411375, 0.0986647182411375, 0.0986647182411375, 0.0986647182411375, 0.0986647182411375, 0.01335281758862493, 0.0986647182411375]","([29], [5], [1], [30])"
0.5,"[0.0986647182411375, 0.0986647182411375, 0.0986647182411375, 0.0986647182411375, 0.0986647182411375, 0.0986647182411375, 0.0986647182411375, 0.0986647182411375, 0.0986647182411375, 0.01335281758862493, 0.0986647182411375]","([30], [3], [1], [31])"
0.5,"[0.0986647182411375, 0.0986647182411375, 0.0986647182411375, 0.0986647182411375, 0.0986647182411375, 0.0986647182411375, 0.0986647182411375, 0.0986647182411375, 0.0986647182411375, 0.01335281758862493, 0.0986647182411375]","([31], [9], [1], [32])"
0.5,"[0.0909090909090909, 0.0909090909090909, 0.0909090909090909, 0.0909090909090909, 0.0909090909090909, 0.0909090909090909, 0.0909090909090909, 0.0909090909090909, 0.0909090909090909, 0.0909090909090909, 0.0909090909090909]","([32], [8], [1], [33])"
0.5,"[0.0909090909090909, 0.0909090909090909, 0.0909090909090909, 0.0909090909090909, 0.0909090909090909, 0.0909090909090909, 0.0909090909090909, 0.0909090909090909, 0.0909090909090909, 0.0909090909090909, 0.0909090909090909]","([33], [1], [1], [34])"
0.5,"[0.0909090909090909, 0.0909090909090909, 0.0909090909090909, 0.0909090909090909, 0.0909090909090909, 0.0909090909090909, 0.0909090909090909, 0.0909090909090909, 0.0909090909090909, 0.0909090909090909, 0.0909090909090909]","([34], [5], [1], [35])"
0.5,"[0.0909090909090909, 0.0909090909090909, 0.0909090909090909, 0.0909090909090909, 0.0909090909090909, 0.0909090909090909, 0.0909090909090909, 0.0909090909090909, 0.0909090909090909, 0.0909090909090909, 0.0909090909090909]","([35], [4], [1], [36])"
0.5,"[0.0909090909090909, 0.0909090909090909, 0.0909090909090909, 0.0909090909090909, 0.0909090909090909, 0.0909090909090909, 0.0909090909090909, 0.0909090909090909, 0.0909090909090909, 0.0909090909090909, 0.0909090909090909]","([36], [0], [1], [37])"
0.5,"[0.0909090909090909, 0.0909090909090909, 0.0909090909090909, 0.0909090909090909, 0.0909090909090909, 0.0909090909090909, 0.0909090909090909, 0.0909090909090909, 0.0909090909090909, 0.0909090909090909, 0.0909090909090909]","([37], [3], [1], [38])"
0.5,"[0.0909090909090909, 0.0909090909090909, 0.0909090909090909, 0.0909090909090909, 0.0909090909090909, 0.0909090909090909, 0.0909090909090909, 0.0909090909090909, 0.0909090909090909, 0.0909090909090909, 0.0909090909090909]","([38], [4], [1], [39])"
0.5,"[0.0909090909090909, 0.0909090909090909, 0.0909090909090909, 0.0909090909090909, 0.0909090909090909, 0.0909090909090909, 0.0909090909090909, 0.0909090909090909, 0.0909090909090909, 0.0909090909090909, 0.0909090909090909]","([39], [6], [1], [40])"
0.5,"[0.0909090909090909, 0.0909090909090909, 0.0909090909090909, 0.0909090909090909, 0.0909090909090909, 0.0909090909090909, 0.0909090909090909, 0.0909090909090909, 0.0909090909090909, 0.0909090909090909, 0.0909090909090909]","([40], [4], [1], [41])"
0.5,"[0.0909090909090909, 0.0909090909090909, 0.0909090909090909, 0.0909090909090909, 0.0909090909090909, 0.0909090909090909, 0.0909090909090909, 0.0909090909090909, 0.0909090909090909, 0.0909090909090909, 0.0909090909090909]","([41], [6], [1], [42])"
0.5,"[0.0909090909090909, 0.0909090909090909, 0.0909090909090909, 0.0909090909090909, 0.0909090909090909, 0.0909090909090909, 0.0909090909090909, 0.0909090909090909, 0.0909090909090909, 0.0909090909090909, 0.0909090909090909]","([42], [3], [1], [43])"
0.5,"[0.0909090909090909, 0.0909090909090909, 0.0909090909090909, 0.0909090909090909, 0.0909090909090909, 0.0909090909090909, 0.0909090909090909, 0.0909090909090909, 0.0909090909090909, 0.0909090909090909, 0.0909090909090909]","([43], [9], [1], [44])"
0.5,"[0.0909090909090909, 0.0909090909090909, 0.0909090909090909, 0.0909090909090909, 0.0909090909090909, 0.0909090909090909, 0.0909090909090909, 0.0909090909090909, 0.0909090909090909, 0.0909090909090909, 0.0909090909090909]","([44], [8], [1], [45])"
0.5,"[0.0909090909090909, 0.0909090909090909, 0.0909090909090909, 0.0909090909090909, 0.0909090909090909, 0.0909090909090909, 0.0909090909090909, 0.0909090909090909, 0.0909090909090909, 0.0909090909090909, 0.0909090909090909]","([45], [2], [1], [46])"
0.5,"[0.0909090909090909, 0.0909090909090909, 0.0909090909090909, 0.0909090909090909, 0.0909090909090909, 0.0909090909090909, 0.0909090909090909, 0.0909090909090909, 0.0909090909090909, 0.0909090909090909, 0.0909090909090909]","([46], [10], [1], [47])"
0.5,"[0.0909090909090909, 0.0909090909090909, 0.0909090909090909, 0.0909090909090909, 0.0909090909090909, 0.0909090909090909, 0.0909090909090909, 0.0909090909090909, 0.0909090909090909, 0.0909090909090909, 0.0909090909090909]","([47], [0], [1], [48])"
0.5,"[0.0909090909090909, 0.0909090909090909, 0.0909090909090909, 0.0909090909090909, 0.0909090909090909, 0.0909090909090909, 0.0909090909090909, 0.0909090909090909, 0.0909090909090909, 0.0909090909090909, 0.0909090909090909]","([48], [1], [1], [49])"
0.5,"[0.0909090909090909, 0.0909090909090909, 0.0909090909090909, 0.0909090909090909, 0.0909090909090909, 0.0909090909090909, 0.0909090909090909, 0.0909090909090909, 0.0909090909090909, 0.0909090909090909, 0.0909090909090909]","([49], [6], [1], [50])"
0.5,"[0.0909090909090909, 0.0909090909090909, 0.0909090909090909, 0.0909090909090909, 0.0909090909090909, 0.0909090909090909, 0.0909090909090909, 0.0909090909090909, 0.0909090909090909, 0.0909090909090909, 0.0909090909090909]","([50], [1], [1], [51])"
0.5,"[0.0909090909090909, 0.0909090909090909, 0.0909090909090909, 0.0909090909090909, 0.0909090909090909, 0.0909090909090909, 0.0909090909090909, 0.0909090909090909, 0.0909090909090909, 0.0909090909090909, 0.0909090909090909]","([51], [3], [1], [52])"
0.5,"[0.0909090909090909, 0.0909090909090909, 0.0909090909090909, 0.0909090909090909, 0.0909090909090909, 0.0909090909090909, 0.0909090909090909, 0.0909090909090909, 0.0909090909090909, 0.0909090909090909, 0.0909090909090909]","([52], [9], [1], [53])"
0.5,"[0.0909090909090909, 0.0909090909090909, 0.0909090909090909, 0.0909090909090909, 0.0909090909090909, 0.0909090909090909, 0.0909090909090909, 0.0909090909090909, 0.0909090909090909, 0.0909090909090909, 0.0909090909090909]","([53], [0], [1], [54])"
0.5,"[0.0909090909090909, 0.0909090909090909, 0.0909090909090909, 0.0909090909090909, 0.0909090909090909, 0.0909090909090909, 0.0909090909090909, 0.0909090909090909, 0.0909090909090909, 0.0909090909090909, 0.0909090909090909]","([54], [10], [1], [55])"
0.5,"[0.0909090909090909, 0.0909090909090909, 0.0909090909090909, 0.0909090909090909, 0.0909090909090909, 0.0909090909090909, 0.0909090909090909, 0.0909090909090909, 0.0909090909090909, 0.0909090909090909, 0.0909090909090909]","([55], [5], [1], [56])"
0.5,"[0.0909090909090909, 0.0909090909090909, 0.0909090909090909, 0.0909090909090909, 0.0909090909090909, 0.0909090909090909, 0.0909090909090909, 0.0909090909090909, 0.0909090909090909, 0.0909090909090909, 0.0909090909090909]","([56], [0], [1], [57])"
0.5,"[0.0909090909090909, 0.0909090909090909, 0.0909090909090909, 0.0909090909090909, 0.0909090909090909, 0.0909090909090909, 0.0909090909090909, 0.0909090909090909, 0.0909090909090909, 0.0909090909090909, 0.0909090909090909]","([57], [9], [1], [58])"
0.5,"[0.0909090909090909, 0.0909090909090909, 0.0909090909090909, 0.0909090909090909, 0.0909090909090909, 0.0909090909090909, 0.0909090909090909, 0.0909090909090909, 0.0909090909090909, 0.0909090909090909, 0.0909090909090909]","([58], [1], [1], [59])"
0.5,"[0.0909090909090909, 0.0909090909090909, 0.0909090909090909, 0.0909090909090909, 0.0909090909090909, 0.0909090909090909, 0.0909090909090909, 0.0909090909090909, 0.0909090909090909, 0.0909090909090909, 0.0909090909090909]","([59], [1], [1], [60])"
0.5,"[0.0909090909090909, 0.0909090909090909, 0.0909090909090909, 0.0909090909090909, 0.0909090909090909, 0.0909090909090909, 0.0909090909090909, 0.0909090909090909, 0.0909090909090909, 0.0909090909090909, 0.0909090909090909]","([60], [6], [2], [62])"
0.5,"[0.0870183827469325, 0.0870183827469325, 0.0870183827469325, 0.0870183827469325, 0.0870183827469325, 0.0870183827469325, 0.12981617253067493, 0.0870183827469325, 0.0870183827469325, 0.0870183827469325, 0.0870183827469325]","([61], [7], [2], [64])"
0.5,"[0.08458421478180583, 0.08458421478180583, 0.08458421478180583, 0.08458421478180583, 0.08458421478180583, 0.08458421478180583, 0.1261848206420918, 0.11255724632165545, 0.08458421478180583, 0.08458421478180583, 0.08458421478180583]","([62], [7], [2], [66])"
0.5,"[0.08236861856193907, 0.08236861856193907, 0.08236861856193907, 0.08236861856193907, 0.08236861856193907, 0.08236861856193907, 0.12287953948129392, 0.13580289346125435, 0.08236861856193907, 0.08236861856193907, 0.08236861856193907]","([63], [4], [2], [68])"
0.5,"[0.08018437167335753, 0.08018437167335753, 0.08018437167335753, 0.08018437167335753, 0.10670232143038862, 0.08018437167335753, 0.11962102602716186, 0.13220167915558936, 0.08018437167335753, 0.08018437167335753, 0.08018437167335753]","([64], [1], [2], [70])"
0.5,"[0.07861569067500189, 0.09817911638526221, 0.07861569067500189, 0.07861569067500189, 0.10461485849197288, 0.07861569067500189, 0.11728082897109436, 0.12961536142665733, 0.07861569067500189, 0.07861569067500189, 0.07861569067500189]","([65], [3], [1], [71])"
0.5,"[0.07861569067500189, 0.09817911638526221, 0.07861569067500189, 0.07861569067500189, 0.10461485849197288, 0.07861569067500189, 0.11728082897109436, 0.12961536142665733, 0.07861569067500189, 0.07861569067500189, 0.07861569067500189]","([66], [2], [2], [73])"
0.5,"[0.07316444451254846, 0.09137133378063249, 0.1425048791719466, 0.07316444451254846, 0.09736081873230805, 0.07316444451254846, 0.10914852531302414, 0.12062777592679791, 0.07316444451254846, 0.07316444451254846, 0.07316444451254846]","([67], [1], [1], [74])"
0.5,"[0.07331166015101796, 0.08954306391375436, 0.14279161608236923, 0.07331166015101796, 0.09755672037807442, 0.07331166015101796, 0.10936814523837196, 0.12087049348132228, 0.07331166015101796, 0.07331166015101796, 0.07331166015101796]","([68], [10], [1], [75])"
0.5,"[0.07331166015101796, 0.08954306391375436, 0.14279161608236923, 0.07331166015101796, 0.09755672037807442, 0.07331166015101796, 0.10936814523837196, 0.12087049348132228, 0.07331166015101796, 0.07331166015101796, 0.07331166015101796]","([69], [8], [1], [76])"
0.5,"[0.07331166015101796, 0.08954306391375436, 0.14279161608236923, 0.07331166015101796, 0.09755672037807442, 0.07331166015101796, 0.10936814523837196, 0.12087049348132228, 0.07331166015101796, 0.07331166015101796, 0.07331166015101796]","([70], [1], [1], [77])"
0.5,"[0.07343012824417908, 0.08807180958802686, 0.14302236042019797, 0.07343012824417908, 0.09771436731465223, 0.07343012824417908, 0.10954487886563218, 0.12106581434641628, 0.07343012824417908, 0.07343012824417908, 0.07343012824417908]","([71], [0], [1], [78])"
0.5,"[0.07343012824417908, 0.08807180958802686, 0.14302236042019797, 0.07343012824417908, 0.09771436731465223, 0.07343012824417908, 0.10954487886563218, 0.12106581434641628, 0.07343012824417908, 0.07343012824417908, 0.07343012824417908]","([72], [6], [1], [79])"
0.5,"[0.07395259441333801, 0.08869845347476145, 0.14403998556316824, 0.07395259441333801, 0.09840961941870562, 0.07395259441333801, 0.10320915963060671, 0.12192721543272983, 0.07395259441333801, 0.07395259441333801, 0.07395259441333801]","([73], [2], [1], [80])"
0.5,"[0.0756248697748128, 0.09070417402484411, 0.12468433139166105, 0.0756248697748128, 0.10063493663971079, 0.0756248697748128, 0.10554300790324626, 0.12468433139166105, 0.0756248697748128, 0.0756248697748128, 0.0756248697748128]","([74], [1], [1], [81])"
0.5,"[0.07572815894311716, 0.08946224911459612, 0.12485462644047737, 0.07572815894311716, 0.1007723847958376, 0.07572815894311716, 0.10568715954990864, 0.12485462644047737, 0.07572815894311716, 0.07572815894311716, 0.07572815894311716]","([75], [2], [1], [82])"
0.5,"[0.0766387412756054, 0.0905379750348526, 0.11433156703108757, 0.0766387412756054, 0.10198410781245977, 0.0766387412756054, 0.1069579795671931, 0.1263559229007745, 0.0766387412756054, 0.0766387412756054, 0.0766387412756054]","([76], [1], [1], [83])"
0.5,"[0.07672723342594649, 0.08948785013844675, 0.11446358180651378, 0.07672723342594649, 0.102101865396297, 0.07672723342594649, 0.10708148031173172, 0.12650182179133185, 0.07672723342594649, 0.07672723342594649, 0.07672723342594649]","([77], [1], [1], [84])"
0.5,"[0.07680234608225407, 0.08859649796630771, 0.11457563672229888, 0.07680234608225407, 0.10220181872422816, 0.07680234608225407, 0.1071863084681558, 0.12662566162548494, 0.07680234608225407, 0.07680234608225407, 0.07680234608225407]","([78], [2], [1], [85])"
0.5,"[0.07737408862144307, 0.08925604014560859, 0.10798423945979818, 0.07737408862144307, 0.1029626434949265, 0.07737408862144307, 0.10798423945979824, 0.12756830571120994, 0.07737408862144307, 0.07737408862144307, 0.07737408862144307]","([79], [2], [1], [86])"
0.5,"[0.07776459097770662, 0.08970650999421828, 0.10348228974353832, 0.07776459097770662, 0.10348228974353832, 0.07776459097770662, 0.10852922940022505, 0.12821213525224018, 0.07776459097770662, 0.07776459097770662, 0.07776459097770662]","([80], [6], [1], [87])"
0.5,"[0.07815905501197572, 0.09016154989589621, 0.1040072078453945, 0.07815905501197572, 0.1040072078453945, 0.07815905501197572, 0.10400720784539455, 0.12886249649606582, 0.07815905501197572, 0.07815905501197572, 0.07815905501197572]","([81], [8], [1], [88])"
0.5,"[0.07815905501197572, 0.09016154989589621, 0.1040072078453945, 0.07815905501197572, 0.1040072078453945, 0.07815905501197572, 0.10400720784539455, 0.12886249649606582, 0.07815905501197572, 0.07815905501197572, 0.07815905501197572]","([82], [8], [1], [89])"
0.5,"[0.07815905501197572, 0.09016154989589621, 0.1040072078453945, 0.07815905501197572, 0.1040072078453945, 0.07815905501197572, 0.10400720784539455, 0.12886249649606582, 0.07815905501197572, 0.07815905501197572, 0.07815905501197572]","([83], [6], [1], [90])"
0.5,"[0.07844530149869544, 0.0904917538228878, 0.10438811953674888, 0.07844530149869544, 0.10438811953674888, 0.07844530149869544, 0.10072576094405797, 0.1293344371673838, 0.07844530149869544, 0.07844530149869544, 0.07844530149869544]","([84], [10], [1], [91])"
0.5,"[0.07844530149869544, 0.0904917538228878, 0.10438811953674888, 0.07844530149869544, 0.10438811953674888, 0.07844530149869544, 0.10072576094405797, 0.1293344371673838, 0.07844530149869544, 0.07844530149869544, 0.07844530149869544]","([85], [2], [1], [92])"
0.5,"[0.07873365236697556, 0.09082438529078335, 0.10109601078785359, 0.07873365236697556, 0.10477183155431379, 0.07873365236697556, 0.10109601078785363, 0.1298098473773421, 0.07873365236697556, 0.07873365236697556, 0.07873365236697556]","([86], [2], [1], [93])"
0.5,"[0.07895231697319166, 0.09107662912613676, 0.09859951175703272, 0.07895231697319166, 0.10506281121295556, 0.07895231697319166, 0.1013767816999651, 0.13017036436475984, 0.07895231697319166, 0.07895231697319166, 0.07895231697319166]","([87], [2], [1], [94])"
0.5,"[0.07912377297043928, 0.09127441476272645, 0.09664199454213364, 0.07912377297043928, 0.10529096979981847, 0.07912377297043928, 0.1015969355582746, 0.1304530475144111, 0.07912377297043928, 0.07912377297043928, 0.07912377297043928]","([88], [3], [1], [95])"
0.5,"[0.07912377297043928, 0.09127441476272645, 0.09664199454213364, 0.07912377297043928, 0.10529096979981847, 0.07912377297043928, 0.1015969355582746, 0.1304530475144111, 0.07912377297043928, 0.07912377297043928, 0.07912377297043928]","([89], [0], [1], [96])"
0.5,"[0.07912377297043928, 0.09127441476272645, 0.09664199454213364, 0.07912377297043928, 0.10529096979981847, 0.07912377297043928, 0.1015969355582746, 0.1304530475144111, 0.07912377297043928, 0.07912377297043928, 0.07912377297043928]","([90], [3], [1], [97])"
0.5,"[0.07912377297043928, 0.09127441476272645, 0.09664199454213364, 0.07912377297043928, 0.10529096979981847, 0.07912377297043928, 0.1015969355582746, 0.1304530475144111, 0.07912377297043928, 0.07912377297043928, 0.07912377297043928]","([91], [6], [1], [98])"
0.5,"[0.07934461292466338, 0.09152916800339361, 0.09691172907133493, 0.07934461292466338, 0.1055848442205882, 0.07934461292466338, 0.09908943011234217, 0.1308171510443608, 0.07934461292466338, 0.07934461292466338, 0.07934461292466338]","([92], [2], [1], [99])"
0.5,"[0.07948339965279054, 0.09168926751471712, 0.09533207972007769, 0.07948339965279054, 0.1057695294125508, 0.07948339965279054, 0.0992627537607962, 0.13104597167511492, 0.07948339965279054, 0.07948339965279054, 0.07948339965279054]","([93], [7], [1], [100])"
0.5,"[0.0800502993751552, 0.09234322319005275, 0.09601201703732681, 0.0800502993751552, 0.10652390978783098, 0.0800502993751552, 0.09997072583790868, 0.12484832789594946, 0.0800502993751552, 0.0800502993751552, 0.0800502993751552]","([94], [6], [1], [101])"
0.5,"[0.08022656270029258, 0.09254655439181504, 0.09622342658242837, 0.08022656270029258, 0.10675846554455391, 0.08022656270029258, 0.09798894495984721, 0.12512323231960001, 0.08022656270029258, 0.08022656270029258, 0.08022656270029258]","([95], [2], [1], [102])"
0.5,"[0.08034281403994317, 0.09268065786784564, 0.09491381996501506, 0.08034281403994317, 0.10691316262019657, 0.08034281403994317, 0.09813093466673628, 0.12530454064054736, 0.08034281403994317, 0.08034281403994317, 0.08034281403994317]","([96], [4], [1], [103])"
0.5,"[0.08064531035267246, 0.09302960702529497, 0.09527117713391126, 0.08064531035267246, 0.10355062822950248, 0.08064531035267246, 0.0985004044974371, 0.12577632099781935, 0.08064531035267246, 0.08064531035267246, 0.08064531035267246]","([97], [1], [1], [104])"
0.5,"[0.08071648538990703, 0.09222914322636704, 0.09535526050528441, 0.08071648538990703, 0.10364201878634537, 0.08071648538990703, 0.09858733788422755, 0.12588732725833343, 0.08071648538990703, 0.08071648538990703, 0.08071648538990703]","([98], [10], [1], [105])"
0.5,"[0.08071648538990703, 0.09222914322636704, 0.09535526050528441, 0.08071648538990703, 0.10364201878634537, 0.08071648538990703, 0.09858733788422755, 0.12588732725833343, 0.08071648538990703, 0.08071648538990703, 0.08071648538990703]","([99], [9], [1], [106])"
0.5,"[0.08071648538990703, 0.09222914322636704, 0.09535526050528441, 0.08071648538990703, 0.10364201878634537, 0.08071648538990703, 0.09858733788422755, 0.12588732725833343, 0.08071648538990703, 0.08071648538990703, 0.08071648538990703]","([100], [7], [1], [107])"
0.5,"[0.08116063541272289, 0.09273664272749622, 0.09587996175961246, 0.08116063541272289, 0.10421231870446339, 0.08116063541272289, 0.09912982394713177, 0.12107744038495874, 0.08116063541272289, 0.08116063541272289, 0.08116063541272289]","([101], [6], [1], [108])"
0.5,"[0.08130585369986965, 0.0929025736168263, 0.09605151689527178, 0.08130585369986965, 0.10439878267612766, 0.08130585369986965, 0.09751792400028303, 0.12129408061227341, 0.08130585369986965, 0.08130585369986965, 0.08130585369986965]","([102], [1], [1], [109])"
0.5,"[0.08136858654249983, 0.09220268796886785, 0.09612562699214161, 0.08136858654249983, 0.1044793332405259, 0.08136858654249983, 0.09759316552720326, 0.12138766701626237, 0.08136858654249983, 0.08136858654249983, 0.08136858654249983]","([103], [6], [1], [110])"
0.5,"[0.08148817357737641, 0.09233819783244511, 0.0962669023810368, 0.08148817357737641, 0.10463288603281376, 0.08148817357737641, 0.0962669023810368, 0.12156606990840896, 0.08148817357737641, 0.08148817357737641, 0.08148817357737641]","([104], [5], [1], [111])"
0.5,"[0.08148817357737641, 0.09233819783244511, 0.0962669023810368, 0.08148817357737641, 0.10463288603281376, 0.08148817357737641, 0.0962669023810368, 0.12156606990840896, 0.08148817357737641, 0.08148817357737641, 0.08148817357737641]","([105], [2], [1], [112])"
0.5,"[0.08158822630251351, 0.09245157242315934, 0.09515728174231304, 0.08158822630251351, 0.10476135627489866, 0.08158822630251351, 0.0963851007097131, 0.12171533103483478, 0.08158822630251351, 0.08158822630251351, 0.08158822630251351]","([106], [6], [1], [113])"
0.5,"[0.08168852502295564, 0.09256522576307291, 0.09527426128742678, 0.08168852502295564, 0.10489014238120761, 0.08168852502295564, 0.09527426128742678, 0.12186495914313217, 0.08168852502295564, 0.08168852502295564, 0.08168852502295564]","([107], [6], [1], [114])"
0.5,"[0.08177367090400348, 0.09266170868646728, 0.09537356790259972, 0.08177367090400348, 0.10499947185659932, 0.08177367090400348, 0.094331244258931, 0.12199198187138177, 0.08177367090400348, 0.08177367090400348, 0.08177367090400348]","([108], [8], [1], [115])"
0.5,"[0.08177367090400348, 0.09266170868646728, 0.09537356790259972, 0.08177367090400348, 0.10499947185659932, 0.08177367090400348, 0.094331244258931, 0.12199198187138177, 0.08177367090400348, 0.08177367090400348, 0.08177367090400348]","([109], [7], [1], [116])"
0.5,"[0.08213146719865586, 0.09306714500426568, 0.09579086981440195, 0.08213146719865586, 0.10545889139292966, 0.08213146719865586, 0.09474398553974515, 0.11815030505672232, 0.08213146719865586, 0.08213146719865586, 0.08213146719865586]","([110], [3], [1], [117])"
0.5,"[0.08213146719865586, 0.09306714500426568, 0.09579086981440195, 0.08213146719865586, 0.10545889139292966, 0.08213146719865586, 0.09474398553974515, 0.11815030505672232, 0.08213146719865586, 0.08213146719865586, 0.08213146719865586]","([111], [4], [1], [118])"
0.5,"[0.08236944087156191, 0.0933368045035898, 0.09606842123163722, 0.08236944087156191, 0.10286698307275104, 0.08236944087156191, 0.0950185036385162, 0.11849264232413423, 0.08236944087156191, 0.08236944087156191, 0.08236944087156191]","([112], [10], [1], [119])"
0.5,"[0.08236944087156191, 0.0933368045035898, 0.09606842123163722, 0.08236944087156191, 0.10286698307275104, 0.08236944087156191, 0.0950185036385162, 0.11849264232413423, 0.08236944087156191, 0.08236944087156191, 0.08236944087156191]","([113], [7], [1], [120])"
0.5,"[0.08266180137878085, 0.09366809236008276, 0.09640940463594123, 0.08266180137878085, 0.10323209716153216, 0.08266180137878085, 0.09535576048553372, 0.11536383708422494, 0.08266180137878085, 0.08266180137878085, 0.08266180137878085]","([114], [7], [1], [121])"
0.5,"[0.0829039177515435, 0.09394244615334092, 0.0966917877314136, 0.0829039177515435, 0.10353446391982359, 0.0829039177515435, 0.0956350574578437, 0.11277273822831707, 0.0829039177515435, 0.0829039177515435, 0.0829039177515435]","([115], [9], [1], [122])"
0.5,"[0.0829039177515435, 0.09394244615334092, 0.0966917877314136, 0.0829039177515435, 0.10353446391982359, 0.0829039177515435, 0.0956350574578437, 0.11277273822831707, 0.0829039177515435, 0.0829039177515435, 0.0829039177515435]","([116], [7], [1], [123])"
0.5,"[0.08310765480934335, 0.09417331048521921, 0.09692940859276836, 0.08310765480934335, 0.10378890071403066, 0.08310765480934335, 0.09587008139588453, 0.11059236995603709, 0.08310765480934335, 0.08310765480934335, 0.08310765480934335]","([117], [6], [1], [124])"
0.5,"[0.0831832446144632, 0.09425896495595838, 0.09701756984726072, 0.0831832446144632, 0.10388330095666265, 0.0831832446144632, 0.09504773832162625, 0.11069295823171274, 0.0831832446144632, 0.0831832446144632, 0.0831832446144632]","([118], [8], [1], [125])"
0.5,"[0.0831832446144632, 0.09425896495595838, 0.09701756984726072, 0.0831832446144632, 0.10388330095666265, 0.0831832446144632, 0.09504773832162625, 0.11069295823171274, 0.0831832446144632, 0.0831832446144632, 0.0831832446144632]","([119], [8], [1], [126])"
0.5,"[0.0831832446144632, 0.09425896495595838, 0.09701756984726072, 0.0831832446144632, 0.10388330095666265, 0.0831832446144632, 0.09504773832162625, 0.11069295823171274, 0.0831832446144632, 0.0831832446144632, 0.0831832446144632]","([120], [8], [1], [127])"
0.5,"[0.0831832446144632, 0.09425896495595838, 0.09701756984726072, 0.0831832446144632, 0.10388330095666265, 0.0831832446144632, 0.09504773832162625, 0.11069295823171274, 0.0831832446144632, 0.0831832446144632, 0.0831832446144632]","([121], [2], [1], [128])"
0.5,"[0.0832715366501998, 0.09435901293967144, 0.09605912975079552, 0.0832715366501998, 0.10399356436563416, 0.0832715366501998, 0.09514862352209506, 0.1108104495206049, 0.0832715366501998, 0.0832715366501998, 0.0832715366501998]","([122], [0], [1], [129])"
0.5,"[0.0832715366501998, 0.09435901293967144, 0.09605912975079552, 0.0832715366501998, 0.10399356436563416, 0.0832715366501998, 0.09514862352209506, 0.1108104495206049, 0.0832715366501998, 0.0832715366501998, 0.0832715366501998]","([123], [7], [1], [130])"
0.5,"[0.0834459972453989, 0.09455670269324243, 0.09626038138640576, 0.0834459972453989, 0.10421143928263392, 0.0834459972453989, 0.09534796757361379, 0.10894752559171056, 0.0834459972453989, 0.0834459972453989, 0.0834459972453989]","([124], [2], [1], [131])"
0.5,"[0.08352220405805631, 0.09464305632511831, 0.09543504382582488, 0.08352220405805631, 0.10430661007443134, 0.08352220405805631, 0.09543504382582488, 0.10904702160046265, 0.08352220405805631, 0.08352220405805631, 0.08352220405805631]","([125], [0], [1], [132])"
0.5,"[0.08352220405805631, 0.09464305632511831, 0.09543504382582488, 0.08352220405805631, 0.10430661007443134, 0.08352220405805631, 0.09543504382582488, 0.10904702160046265, 0.08352220405805631, 0.08352220405805631, 0.08352220405805631]","([126], [1], [1], [133])"
0.5,"[0.083580154576506, 0.0940148891825042, 0.09550125987376502, 0.083580154576506, 0.10437898151385529, 0.083580154576506, 0.09550125987376502, 0.1091226820970744, 0.083580154576506, 0.083580154576506, 0.083580154576506]","([127], [4], [1], [134])"
0.5,"[0.08377232411504645, 0.09423105051842989, 0.0957208387095899, 0.08377232411504645, 0.10231974773160545, 0.08377232411504645, 0.0957208387095899, 0.10937357964050615, 0.08377232411504645, 0.08377232411504645, 0.08377232411504645]","([128], [9], [1], [135])"
0.5,"[0.08377232411504645, 0.09423105051842989, 0.0957208387095899, 0.08377232411504645, 0.10231974773160545, 0.08377232411504645, 0.0957208387095899, 0.10937357964050615, 0.08377232411504645, 0.08377232411504645, 0.08377232411504645]","([129], [9], [1], [136])"
0.5,"[0.08377232411504645, 0.09423105051842989, 0.0957208387095899, 0.08377232411504645, 0.10231974773160545, 0.08377232411504645, 0.0957208387095899, 0.10937357964050615, 0.08377232411504645, 0.08377232411504645, 0.08377232411504645]","([130], [10], [1], [137])"
0.5,"[0.08377232411504645, 0.09423105051842989, 0.0957208387095899, 0.08377232411504645, 0.10231974773160545, 0.08377232411504645, 0.0957208387095899, 0.10937357964050615, 0.08377232411504645, 0.08377232411504645, 0.08377232411504645]","([131], [6], [1], [138])"
0.5,"[0.0838389223367383, 0.09430596333073367, 0.09579693588970582, 0.0838389223367383, 0.10240109098326844, 0.0838389223367383, 0.0950019451526648, 0.10946053062319737, 0.0838389223367383, 0.0838389223367383, 0.0838389223367383]","([132], [6], [1], [139])"
0.5,"[0.083897313341733, 0.09437164427965807, 0.09586365525114449, 0.083897313341733, 0.10247240991782072, 0.083897313341733, 0.09437164427965807, 0.10953676622132053, 0.083897313341733, 0.083897313341733, 0.083897313341733]","([133], [1], [1], [140])"
0.5,"[0.08394892487244889, 0.09381452434533977, 0.09592262817638439, 0.08394892487244889, 0.10253544838378996, 0.08394892487244889, 0.09442969935703115, 0.10960415050276137, 0.08394892487244889, 0.08394892487244889, 0.08394892487244889]","([134], [8], [1], [141])"
0.5,"[0.08394892487244889, 0.09381452434533977, 0.09592262817638439, 0.08394892487244889, 0.10253544838378996, 0.08394892487244889, 0.09442969935703115, 0.10960415050276137, 0.08394892487244889, 0.08394892487244889, 0.08394892487244889]","([135], [7], [1], [142])"
0.5,"[0.08410128252568107, 0.09398478692809549, 0.09609671672538038, 0.08410128252568107, 0.10272153844167457, 0.08410128252568107, 0.09460107841175183, 0.10798818433901111, 0.08410128252568107, 0.08410128252568107, 0.08410128252568107]","([136], [4], [1], [143])"
0.5,"[0.08425722478658293, 0.09415905537827604, 0.09627490115754793, 0.08425722478658293, 0.10105778697734685, 0.08425722478658293, 0.09477648960178664, 0.10818841816554485, 0.08425722478658293, 0.08425722478658293, 0.08425722478658293]","([137], [0], [1], [144])"
0.5,"[0.08425722478658293, 0.09415905537827604, 0.09627490115754793, 0.08425722478658293, 0.10105778697734685, 0.08425722478658293, 0.09477648960178664, 0.10818841816554485, 0.08425722478658293, 0.08425722478658293, 0.08425722478658293]","([138], [5], [1], [145])"
0.5,"[0.08425722478658293, 0.09415905537827604, 0.09627490115754793, 0.08425722478658293, 0.10105778697734685, 0.08425722478658293, 0.09477648960178664, 0.10818841816554485, 0.08425722478658293, 0.08425722478658293, 0.08425722478658293]","([139], [1], [1], [146])"
0.5,"[0.08430351001289049, 0.09366144756806546, 0.09632778808325788, 0.08430351001289049, 0.10111330129736197, 0.08430351001289049, 0.09482855340143072, 0.10824784957254091, 0.08430351001289049, 0.08430351001289049, 0.08430351001289049]","([140], [2], [1], [147])"
0.5,"[0.08437095582796153, 0.09373638006697321, 0.09560481808022414, 0.08437095582796153, 0.10119419554505676, 0.08437095582796153, 0.0949044196266352, 0.10833445171334134, 0.08437095582796153, 0.08437095582796153, 0.08437095582796153]","([141], [2], [1], [148])"
0.5,"[0.08443009053280708, 0.09380207889797679, 0.09497093712413283, 0.08443009053280708, 0.10126512147954353, 0.08443009053280708, 0.09497093712413283, 0.10841038217737135, 0.08443009053280708, 0.08443009053280708, 0.08443009053280708]","([142], [2], [1], [149])"
0.5,"[0.084482359851481, 0.093860150264752, 0.09441064810634206, 0.084482359851481, 0.10132781309661708, 0.084482359851481, 0.09502973211234113, 0.10847749731106161, 0.084482359851481, 0.084482359851481, 0.084482359851481]","([143], [9], [1], [150])"
0.5,"[0.084482359851481, 0.093860150264752, 0.09441064810634206, 0.084482359851481, 0.10132781309661708, 0.084482359851481, 0.09502973211234113, 0.10847749731106161, 0.084482359851481, 0.084482359851481, 0.084482359851481]","([144], [9], [1], [151])"
0.5,"[0.084482359851481, 0.093860150264752, 0.09441064810634206, 0.084482359851481, 0.10132781309661708, 0.084482359851481, 0.09502973211234113, 0.10847749731106161, 0.084482359851481, 0.084482359851481, 0.084482359851481]","([145], [10], [1], [152])"
0.5,"[0.084482359851481, 0.093860150264752, 0.09441064810634206, 0.084482359851481, 0.10132781309661708, 0.084482359851481, 0.09502973211234113, 0.10847749731106161, 0.084482359851481, 0.084482359851481, 0.084482359851481]","([146], [8], [1], [153])"
0.5,"[0.084482359851481, 0.093860150264752, 0.09441064810634206, 0.084482359851481, 0.10132781309661708, 0.084482359851481, 0.09502973211234113, 0.10847749731106161, 0.084482359851481, 0.084482359851481, 0.084482359851481]","([147], [9], [1], [154])"
0.5,"[0.084482359851481, 0.093860150264752, 0.09441064810634206, 0.084482359851481, 0.10132781309661708, 0.084482359851481, 0.09502973211234113, 0.10847749731106161, 0.084482359851481, 0.084482359851481, 0.084482359851481]","([148], [2], [1], [155])"
0.5,"[0.08452889282453291, 0.09391184853467006, 0.09391184853467006, 0.08452889282453291, 0.10138362456311165, 0.08452889282453291, 0.09508207458917638, 0.10853724683117431, 0.08452889282453291, 0.08452889282453291, 0.08452889282453291]","([149], [9], [1], [156])"
0.5,"[0.08452889282453291, 0.09391184853467006, 0.09391184853467006, 0.08452889282453291, 0.10138362456311165, 0.08452889282453291, 0.09508207458917638, 0.10853724683117431, 0.08452889282453291, 0.08452889282453291, 0.08452889282453291]","([150], [0], [1], [157])"
0.5,"[0.08452889282453291, 0.09391184853467006, 0.09391184853467006, 0.08452889282453291, 0.10138362456311165, 0.08452889282453291, 0.09508207458917638, 0.10853724683117431, 0.08452889282453291, 0.08452889282453291, 0.08452889282453291]","([151], [2], [1], [158])"
0.5,"[0.08457058396146677, 0.09395816751042074, 0.09346494991888782, 0.08457058396146677, 0.10143362875023955, 0.08457058396146677, 0.09512897074100321, 0.10859077931064799, 0.08457058396146677, 0.08457058396146677, 0.08457058396146677]","([152], [7], [1], [159])"
0.5,"[0.08470486136806979, 0.09410735010407789, 0.09361334940362011, 0.08470486136806979, 0.10159468054831063, 0.08470486136806979, 0.09528001228388457, 0.10717543945168803, 0.08470486136806979, 0.08470486136806979, 0.08470486136806979]","([153], [6], [1], [160])"
0.5,"[0.0847574715587962, 0.09416580018070596, 0.09367149265640534, 0.0847574715587962, 0.10165778100599523, 0.0847574715587962, 0.09471809068530093, 0.1072420061188152, 0.0847574715587962, 0.0847574715587962, 0.0847574715587962]","([154], [6], [1], [161])"
0.5,"[0.08480430817294887, 0.09421783579678, 0.09372325512026801, 0.08480430817294887, 0.10171395665844248, 0.08480430817294887, 0.09421783579678, 0.10730126759003616, 0.08480430817294887, 0.08480430817294887, 0.08480430817294887]","([155], [6], [1], [162])"
0.5,"[0.08484627149930651, 0.09426445717578104, 0.0937696317681842, 0.08484627149930651, 0.10176428730850427, 0.08484627149930651, 0.0937696317681842, 0.10735436298350708, 0.08484627149930651, 0.08484627149930651, 0.08484627149930651]","([156], [5], [1], [163])"
0.5,"[0.08484627149930651, 0.09426445717578104, 0.0937696317681842, 0.08484627149930651, 0.10176428730850427, 0.08484627149930651, 0.0937696317681842, 0.10735436298350708, 0.08484627149930651, 0.08484627149930651, 0.08484627149930651]","([157], [7], [1], [164])"
0.5,"[0.08496472871084977, 0.09439606348619826, 0.09390054723341813, 0.08496472871084977, 0.10190636442628724, 0.08496472871084977, 0.09390054723341813, 0.1061081053555795, 0.08496472871084977, 0.08496472871084977, 0.08496472871084977]","([158], [10], [1], [165])"
0.5,"[0.08496472871084977, 0.09439606348619826, 0.09390054723341813, 0.08496472871084977, 0.10190636442628724, 0.08496472871084977, 0.09390054723341813, 0.1061081053555795, 0.08496472871084977, 0.08496472871084977, 0.08496472871084977]","([159], [9], [1], [166])"
0.5,"[0.08496472871084977, 0.09439606348619826, 0.09390054723341813, 0.08496472871084977, 0.10190636442628724, 0.08496472871084977, 0.09390054723341813, 0.1061081053555795, 0.08496472871084977, 0.08496472871084977, 0.08496472871084977]","([160], [5], [1], [167])"
0.5,"[0.08496472871084977, 0.09439606348619826, 0.09390054723341813, 0.08496472871084977, 0.10190636442628724, 0.08496472871084977, 0.09390054723341813, 0.1061081053555795, 0.08496472871084977, 0.08496472871084977, 0.08496472871084977]","([161], [5], [1], [168])"
0.5,"[0.08496472871084977, 0.09439606348619826, 0.09390054723341813, 0.08496472871084977, 0.10190636442628724, 0.08496472871084977, 0.09390054723341813, 0.1061081053555795, 0.08496472871084977, 0.08496472871084977, 0.08496472871084977]","([162], [0], [1], [169])"
0.5,"[0.08496472871084977, 0.09439606348619826, 0.09390054723341813, 0.08496472871084977, 0.10190636442628724, 0.08496472871084977, 0.09390054723341813, 0.1061081053555795, 0.08496472871084977, 0.08496472871084977, 0.08496472871084977]","([163], [8], [1], [170])"
0.5,"[0.08496472871084977, 0.09439606348619826, 0.09390054723341813, 0.08496472871084977, 0.10190636442628724, 0.08496472871084977, 0.09390054723341813, 0.1061081053555795, 0.08496472871084977, 0.08496472871084977, 0.08496472871084977]","([164], [0], [1], [171])"
0.5,"[0.08496472871084977, 0.09439606348619826, 0.09390054723341813, 0.08496472871084977, 0.10190636442628724, 0.08496472871084977, 0.09390054723341813, 0.1061081053555795, 0.08496472871084977, 0.08496472871084977, 0.08496472871084977]","([165], [2], [1], [172])"
0.5,"[0.08500264690568984, 0.09443819071218619, 0.09349617172235852, 0.08500264690568984, 0.10195184336137464, 0.08500264690568984, 0.0939424533196213, 0.10615545945032011, 0.08500264690568984, 0.08500264690568984, 0.08500264690568984]","([166], [1], [1], [173])"
0.5,"[0.08504480679646231, 0.0939890472048123, 0.09354254425934355, 0.08504480679646231, 0.10200240977002938, 0.08504480679646231, 0.0939890472048123, 0.10620811078222854, 0.08504480679646231, 0.08504480679646231, 0.08504480679646231]","([167], [5], [1], [174])"
0.5,"[0.08504480679646231, 0.0939890472048123, 0.09354254425934355, 0.08504480679646231, 0.10200240977002938, 0.08504480679646231, 0.0939890472048123, 0.10620811078222854, 0.08504480679646231, 0.08504480679646231, 0.08504480679646231]","([168], [7], [1], [175])"
0.5,"[0.08514996393961455, 0.09410526382125206, 0.09365820877888378, 0.08514996393961455, 0.10212853483762735, 0.08514996393961455, 0.09410526382125206, 0.1051029451032973, 0.08514996393961455, 0.08514996393961455, 0.08514996393961455]","([169], [2], [1], [176])"
0.5,"[0.08518442704294123, 0.09414335144079533, 0.09329138125066212, 0.08518442704294123, 0.1021698697494214, 0.08518442704294123, 0.09414335144079533, 0.10514548386067835, 0.08518442704294123, 0.08518442704294123, 0.08518442704294123]","([170], [3], [1], [177])"
0.5,"[0.08518442704294123, 0.09414335144079533, 0.09329138125066212, 0.08518442704294123, 0.1021698697494214, 0.08518442704294123, 0.09414335144079533, 0.10514548386067835, 0.08518442704294123, 0.08518442704294123, 0.08518442704294123]","([171], [8], [1], [178])"
0.5,"[0.08518442704294123, 0.09414335144079533, 0.09329138125066212, 0.08518442704294123, 0.1021698697494214, 0.08518442704294123, 0.09414335144079533, 0.10514548386067835, 0.08518442704294123, 0.08518442704294123, 0.08518442704294123]","([172], [3], [1], [179])"
0.5,"[0.08518442704294123, 0.09414335144079533, 0.09329138125066212, 0.08518442704294123, 0.1021698697494214, 0.08518442704294123, 0.09414335144079533, 0.10514548386067835, 0.08518442704294123, 0.08518442704294123, 0.08518442704294123]","([173], [5], [1], [180])"
0.5,"[0.08518442704294123, 0.09414335144079533, 0.09329138125066212, 0.08518442704294123, 0.1021698697494214, 0.08518442704294123, 0.09414335144079533, 0.10514548386067835, 0.08518442704294123, 0.08518442704294123, 0.08518442704294123]","([174], [8], [1], [181])"
0.5,"[0.08518442704294123, 0.09414335144079533, 0.09329138125066212, 0.08518442704294123, 0.1021698697494214, 0.08518442704294123, 0.09414335144079533, 0.10514548386067835, 0.08518442704294123, 0.08518442704294123, 0.08518442704294123]","([175], [5], [1], [182])"
0.5,"[0.08518442704294123, 0.09414335144079533, 0.09329138125066212, 0.08518442704294123, 0.1021698697494214, 0.08518442704294123, 0.09414335144079533, 0.10514548386067835, 0.08518442704294123, 0.08518442704294123, 0.08518442704294123]","([176], [1], [1], [183])"
0.5,"[0.08522254162993655, 0.09373803848354093, 0.09333312318155285, 0.08522254162993655, 0.10221558423649427, 0.08522254162993655, 0.09418547457389702, 0.10519252974489558, 0.08522254162993655, 0.08522254162993655, 0.08522254162993655]","([177], [8], [1], [184])"
0.5,"[0.08522254162993655, 0.09373803848354093, 0.09333312318155285, 0.08522254162993655, 0.10221558423649427, 0.08522254162993655, 0.09418547457389702, 0.10519252974489558, 0.08522254162993655, 0.08522254162993655, 0.08522254162993655]","([178], [4], [1], [185])"
0.5,"[0.08535373435440355, 0.09388234007816186, 0.09347680144412301, 0.08535373435440355, 0.10083352285654283, 0.08535373435440355, 0.09433046495764108, 0.10535446453710978, 0.08535373435440355, 0.08535373435440355, 0.08535373435440355]","([179], [0], [1], [186])"
0.5,"[0.08535373435440355, 0.09388234007816186, 0.09347680144412301, 0.08535373435440355, 0.10083352285654283, 0.08535373435440355, 0.09433046495764108, 0.10535446453710978, 0.08535373435440355, 0.08535373435440355, 0.08535373435440355]","([180], [9], [1], [187])"
0.5,"[0.08535373435440355, 0.09388234007816186, 0.09347680144412301, 0.08535373435440355, 0.10083352285654283, 0.08535373435440355, 0.09433046495764108, 0.10535446453710978, 0.08535373435440355, 0.08535373435440355, 0.08535373435440355]","([181], [8], [1], [188])"
0.5,"[0.08535373435440355, 0.09388234007816186, 0.09347680144412301, 0.08535373435440355, 0.10083352285654283, 0.08535373435440355, 0.09433046495764108, 0.10535446453710978, 0.08535373435440355, 0.08535373435440355, 0.08535373435440355]","([182], [2], [1], [189])"
0.5,"[0.08538521966743891, 0.09391697142602509, 0.09314240287449713, 0.08538521966743891, 0.10087071835894948, 0.08538521966743891, 0.09436526160995426, 0.10539332772594051, 0.08538521966743891, 0.08538521966743891, 0.08538521966743891]","([183], [7], [1], [190])"
0.5,"[0.08547955361360585, 0.09402073128705457, 0.09324530698896616, 0.08547955361360585, 0.10098216074854051, 0.08547955361360585, 0.09446951674384528, 0.10440496254995826, 0.08547955361360585, 0.08547955361360585, 0.08547955361360585]","([184], [9], [1], [191])"
0.5,"[0.08547955361360585, 0.09402073128705457, 0.09324530698896616, 0.08547955361360585, 0.10098216074854051, 0.08547955361360585, 0.09446951674384528, 0.10440496254995826, 0.08547955361360585, 0.08547955361360585, 0.08547955361360585]","([185], [6], [1], [192])"
0.5,"[0.08551793281814943, 0.09406294536895904, 0.09328717291547574, 0.08551793281814943, 0.10102750042146556, 0.08551793281814943, 0.09406294536895904, 0.10445183901624379, 0.08551793281814943, 0.08551793281814943, 0.08551793281814943]","([186], [5], [1], [193])"
0.5,"[0.08551793281814943, 0.09406294536895904, 0.09328717291547574, 0.08551793281814943, 0.10102750042146556, 0.08551793281814943, 0.09406294536895904, 0.10445183901624379, 0.08551793281814943, 0.08551793281814943, 0.08551793281814943]","([187], [8], [1], [194])"
0.5,"[0.08551793281814943, 0.09406294536895904, 0.09328717291547574, 0.08551793281814943, 0.10102750042146556, 0.08551793281814943, 0.09406294536895904, 0.10445183901624379, 0.08551793281814943, 0.08551793281814943, 0.08551793281814943]","([188], [8], [1], [195])"
0.5,"[0.08551793281814943, 0.09406294536895904, 0.09328717291547574, 0.08551793281814943, 0.10102750042146556, 0.08551793281814943, 0.09406294536895904, 0.10445183901624379, 0.08551793281814943, 0.08551793281814943, 0.08551793281814943]","([189], [6], [1], [196])"
0.5,"[0.08555269448504893, 0.09410118044629019, 0.09332509265375775, 0.08555269448504893, 0.10106856647862585, 0.08555269448504893, 0.09369469649895931, 0.10449429701207308, 0.08555269448504893, 0.08555269448504893, 0.08555269448504893]","([190], [9], [1], [197])"
0.5,"[0.08555269448504893, 0.09410118044629019, 0.09332509265375775, 0.08555269448504893, 0.10106856647862585, 0.08555269448504893, 0.09369469649895931, 0.10449429701207308, 0.08555269448504893, 0.08555269448504893, 0.08555269448504893]","([191], [7], [1], [198])"
0.5,"[0.08563751500268207, 0.0941944762902538, 0.09341761905184141, 0.08563751500268207, 0.10116877008035642, 0.08563751500268207, 0.09378758933774548, 0.1036064552237102, 0.08563751500268207, 0.08563751500268207, 0.08563751500268207]","([192], [10], [1], [199])"
0.5,"[0.08563751500268207, 0.0941944762902538, 0.09341761905184141, 0.08563751500268207, 0.10116877008035642, 0.08563751500268207, 0.09378758933774548, 0.1036064552237102, 0.08563751500268207, 0.08563751500268207, 0.08563751500268207]","([193], [5], [1], [200])"
0.5,"[0.08563751500268207, 0.0941944762902538, 0.09341761905184141, 0.08563751500268207, 0.10116877008035642, 0.08563751500268207, 0.09378758933774548, 0.1036064552237102, 0.08563751500268207, 0.08563751500268207, 0.08563751500268207]","([194], [4], [1], [201])"
0.5,"[0.08574802333380782, 0.09431602669226831, 0.09353816698201939, 0.08574802333380782, 0.1000089006098446, 0.08574802333380782, 0.09390861468484593, 0.10374015102817472, 0.08574802333380782, 0.08574802333380782, 0.08574802333380782]","([195], [6], [1], [202])"
0.5,"[0.08577980026376444, 0.09435097879562258, 0.09357283082224448, 0.08577980026376444, 0.10004596240679527, 0.08577980026376444, 0.09357283082224448, 0.10377859557050638, 0.08577980026376444, 0.08577980026376444, 0.08577980026376444]","([196], [10], [1], [203])"
0.5,"[0.08577980026376444, 0.09435097879562258, 0.09357283082224448, 0.08577980026376444, 0.10004596240679527, 0.08577980026376444, 0.09357283082224448, 0.10377859557050638, 0.08577980026376444, 0.08577980026376444, 0.08577980026376444]","([197], [4], [2], [205])"
0.5,"[0.08458693299535698, 0.09303891938301692, 0.09227159245660518, 0.08458693299535698, 0.11256086348158321, 0.08458693299535698, 0.09227159245660518, 0.1023354342500475, 0.08458693299535698, 0.08458693299535698, 0.08458693299535698]","([198], [4], [1], [206])"
0.5,"[0.08476695480441951, 0.09323692909902677, 0.09246796911208732, 0.08476695480441951, 0.11067217461284616, 0.08476695480441951, 0.09246796911208732, 0.10255322923743526, 0.08476695480441951, 0.08476695480441951, 0.08476695480441951]","([199], [8], [1], [207])"
0.5,"[0.08476695480441951, 0.09323692909902677, 0.09246796911208732, 0.08476695480441951, 0.11067217461284616, 0.08476695480441951, 0.09246796911208732, 0.10255322923743526, 0.08476695480441951, 0.08476695480441951, 0.08476695480441951]","([200], [3], [1], [208])"
0.5,"[0.08476695480441951, 0.09323692909902677, 0.09246796911208732, 0.08476695480441951, 0.11067217461284616, 0.08476695480441951, 0.09246796911208732, 0.10255322923743526, 0.08476695480441951, 0.08476695480441951, 0.08476695480441951]","([201], [8], [2], [210])"
0.5,"[0.08411915201123213, 0.09252439739091102, 0.09176131392069366, 0.08411915201123213, 0.10982639993558259, 0.08411915201123213, 0.09176131392069366, 0.10176950085526466, 0.09176131392069366, 0.08411915201123213, 0.08411915201123213]","([202], [10], [1], [211])"
0.5,"[0.08411915201123213, 0.09252439739091102, 0.09176131392069366, 0.08411915201123213, 0.10982639993558259, 0.08411915201123213, 0.09176131392069366, 0.10176950085526466, 0.09176131392069366, 0.08411915201123213, 0.08411915201123213]","([203], [7], [1], [212])"
0.5,"[0.0841930160450728, 0.09260564197144433, 0.09184188844664463, 0.0841930160450728, 0.10992283720019455, 0.0841930160450728, 0.09184188844664463, 0.10098077526306301, 0.09184188844664463, 0.0841930160450728, 0.0841930160450728]","([204], [2], [1], [213])"
0.5,"[0.0842209907517311, 0.09263641193064935, 0.09154013590274651, 0.0842209907517311, 0.10995936112189462, 0.0842209907517311, 0.09187240463443465, 0.10101432801718456, 0.09187240463443465, 0.0842209907517311, 0.0842209907517311]","([205], [1], [1], [214])"
0.5,"[0.08425470583369214, 0.09227317899468923, 0.09157678096185991, 0.08425470583369214, 0.11000337970727955, 0.08425470583369214, 0.09190918270632101, 0.10105476575506843, 0.09190918270632101, 0.08425470583369214, 0.08425470583369214]","([206], [7], [1], [215])"
0.5,"[0.08432180091747282, 0.09234665948001165, 0.0916497068801241, 0.08432180091747282, 0.11009097939568374, 0.08432180091747282, 0.09198237332817265, 0.10033890300047092, 0.09198237332817265, 0.08432180091747282, 0.08432180091747282]","([207], [8], [1], [216])"
0.5,"[0.08434986128622031, 0.09237739033833552, 0.09168020580854679, 0.08434986128622031, 0.11012761515825051, 0.08434986128622031, 0.09201298296038843, 0.10037229349483034, 0.09168020580854679, 0.08434986128622031, 0.08434986128622031]","([208], [9], [1], [217])"
0.5,"[0.08434986128622031, 0.09237739033833552, 0.09168020580854679, 0.08434986128622031, 0.11012761515825051, 0.08434986128622031, 0.09201298296038843, 0.10037229349483034, 0.09168020580854679, 0.08434986128622031, 0.08434986128622031]","([209], [6], [1], [218])"
0.5,"[0.08437794033688388, 0.09240814165652295, 0.09171072504241974, 0.08437794033688388, 0.11016427531202354, 0.08437794033688388, 0.09171072504241974, 0.1004057062197748, 0.09171072504241974, 0.08437794033688388, 0.08437794033688388]","([210], [10], [1], [219])"
0.5,"[0.08437794033688388, 0.09240814165652295, 0.09171072504241974, 0.08437794033688388, 0.11016427531202354, 0.08437794033688388, 0.09171072504241974, 0.1004057062197748, 0.09171072504241974, 0.08437794033688388, 0.08437794033688388]","([211], [10], [1], [220])"
0.5,"[0.08437794033688388, 0.09240814165652295, 0.09171072504241974, 0.08437794033688388, 0.11016427531202354, 0.08437794033688388, 0.09171072504241974, 0.1004057062197748, 0.09171072504241974, 0.08437794033688388, 0.08437794033688388]","([212], [8], [1], [221])"
0.5,"[0.08440369979561638, 0.09243635262851449, 0.09173872310242956, 0.08440369979561638, 0.11019790699457428, 0.08440369979561638, 0.09173872310242956, 0.10043635874145937, 0.09143343645251077, 0.08440369979561638, 0.08440369979561638]","([213], [3], [1], [222])"
0.5,"[0.08440369979561638, 0.09243635262851449, 0.09173872310242956, 0.08440369979561638, 0.11019790699457428, 0.08440369979561638, 0.09173872310242956, 0.10043635874145937, 0.09143343645251077, 0.08440369979561638, 0.08440369979561638]","([214], [6], [1], [223])"
0.5,"[0.08442947498718961, 0.09246458083063241, 0.0917667382625277, 0.08442947498718961, 0.11023155921800326, 0.08442947498718961, 0.09146135838420891, 0.10046702998447063, 0.09146135838420891, 0.08442947498718961, 0.08442947498718961]","([215], [6], [1], [224])"
0.5,"[0.08445320524459943, 0.092490569483348, 0.0917925307754026, 0.08445320524459943, 0.11026254156481194, 0.08445320524459943, 0.09120599903446089, 0.10049526785380586, 0.09148706506517355, 0.08445320524459943, 0.08445320524459943]","([216], [4], [1], [225])"
0.5,"[0.08460740049840211, 0.09265943941308642, 0.0919601262211777, 0.08460740049840211, 0.1086380526798274, 0.08460740049840211, 0.09137252358647421, 0.10067875281790883, 0.09165410278951486, 0.08460740049840211, 0.08460740049840211]","([217], [8], [1], [226])"
0.5,"[0.0846312308929493, 0.09268553773293467, 0.09198602757351274, 0.0846312308929493, 0.10866865151211569, 0.0846312308929493, 0.09139825943552538, 0.1007071098456397, 0.09139825943552538, 0.0846312308929493, 0.0846312308929493]","([218], [0], [1], [227])"
0.5,"[0.0846312308929493, 0.09268553773293467, 0.09198602757351274, 0.0846312308929493, 0.10866865151211569, 0.0846312308929493, 0.09139825943552538, 0.1007071098456397, 0.09139825943552538, 0.0846312308929493, 0.0846312308929493]","([219], [3], [1], [228])"
0.5,"[0.0846312308929493, 0.09268553773293467, 0.09198602757351274, 0.0846312308929493, 0.10866865151211569, 0.0846312308929493, 0.09139825943552538, 0.1007071098456397, 0.09139825943552538, 0.0846312308929493, 0.0846312308929493]","([220], [3], [1], [229])"
0.5,"[0.0846312308929493, 0.09268553773293467, 0.09198602757351274, 0.0846312308929493, 0.10866865151211569, 0.0846312308929493, 0.09139825943552538, 0.1007071098456397, 0.09139825943552538, 0.0846312308929493, 0.0846312308929493]","([221], [2], [1], [230])"
0.5,"[0.08465714526000337, 0.09271391835578598, 0.09170799064644208, 0.08465714526000337, 0.1087019262180705, 0.08465714526000337, 0.0914262458894399, 0.10073794670080485, 0.0914262458894399, 0.08465714526000337, 0.08465714526000337]","([222], [10], [1], [231])"
0.5,"[0.08465714526000337, 0.09271391835578598, 0.09170799064644208, 0.08465714526000337, 0.1087019262180705, 0.08465714526000337, 0.0914262458894399, 0.10073794670080485, 0.0914262458894399, 0.08465714526000337, 0.08465714526000337]","([223], [2], [1], [232])"
0.5,"[0.08468100368881037, 0.09274004737789882, 0.09145201201434223, 0.08468100368881037, 0.10873256104706092, 0.08468100368881037, 0.09145201201434223, 0.10076633708796169, 0.09145201201434223, 0.08468100368881037, 0.08468100368881037]","([224], [2], [1], [233])"
0.5,"[0.08470304140809452, 0.09276418241458337, 0.09121556789295482, 0.08470304140809452, 0.1087608580387476, 0.08470304140809452, 0.09147581184761004, 0.10079256091802159, 0.09147581184761004, 0.08470304140809452, 0.08470304140809452]","([225], [5], [1], [234])"
0.5,"[0.08470304140809452, 0.09276418241458337, 0.09121556789295482, 0.08470304140809452, 0.1087608580387476, 0.08470304140809452, 0.09147581184761004, 0.10079256091802159, 0.09147581184761004, 0.08470304140809452, 0.08470304140809452]","([226], [7], [1], [235])"
0.5,"[0.0847647281718312, 0.09283173987307254, 0.09128199754048788, 0.0847647281718312, 0.1088400654112587, 0.0847647281718312, 0.09154243102325306, 0.1001376942695188, 0.09154243102325306, 0.0847647281718312, 0.0847647281718312]","([227], [5], [1], [236])"
0.5,"[0.0847647281718312, 0.09283173987307254, 0.09128199754048788, 0.0847647281718312, 0.1088400654112587, 0.0847647281718312, 0.09154243102325306, 0.1001376942695188, 0.09154243102325306, 0.0847647281718312, 0.0847647281718312]","([228], [2], [1], [237])"
0.5,"[0.08478517561089002, 0.09285413328345347, 0.09106279131665274, 0.08478517561089002, 0.10886632044271641, 0.08478517561089002, 0.0915645134190799, 0.10016185006456738, 0.0915645134190799, 0.08478517561089002, 0.08478517561089002]","([229], [7], [1], [238])"
0.5,"[0.08484163982509874, 0.09291597116530138, 0.09112343622206573, 0.08484163982509874, 0.10893882192889369, 0.08484163982509874, 0.09162549245536024, 0.09956258664752508, 0.09162549245536024, 0.08484163982509874, 0.08484163982509874]","([230], [4], [1], [239])"
0.5,"[0.08497678003964498, 0.09306397259837053, 0.09126858241144428, 0.08497678003964498, 0.1075194929410687, 0.08497678003964498, 0.09177143834624411, 0.09972117515840327, 0.09177143834624411, 0.08497678003964498, 0.08497678003964498]","([231], [0], [1], [240])"
0.5,"[0.08497678003964498, 0.09306397259837053, 0.09126858241144428, 0.08497678003964498, 0.1075194929410687, 0.08497678003964498, 0.09177143834624411, 0.09972117515840327, 0.09177143834624411, 0.08497678003964498, 0.08497678003964498]","([232], [2], [1], [241])"
0.5,"[0.0849958635527085, 0.09308487227868315, 0.09106450562869639, 0.0849958635527085, 0.1075436389448025, 0.0849958635527085, 0.09179204775791776, 0.09974356986844002, 0.09179204775791776, 0.0849958635527085, 0.0849958635527085]","([233], [3], [1], [242])"
0.5,"[0.0849958635527085, 0.09308487227868315, 0.09106450562869639, 0.0849958635527085, 0.1075436389448025, 0.0849958635527085, 0.09179204775791776, 0.09974356986844002, 0.09179204775791776, 0.0849958635527085, 0.0849958635527085]","([234], [7], [1], [243])"
0.5,"[0.0850479062219593, 0.09314186781961614, 0.09112026410621317, 0.0850479062219593, 0.10760948753787153, 0.0850479062219593, 0.09184825170692944, 0.09919234601264376, 0.09184825170692944, 0.0850479062219593, 0.0850479062219593]","([235], [7], [1], [244])"
0.5,"[0.085095865516072, 0.09319439137288632, 0.0911716476586135, 0.085095865516072, 0.10767016951455272, 0.085095865516072, 0.09190004577821266, 0.09868437231716214, 0.09190004577821266, 0.085095865516072, 0.085095865516072]","([236], [2], [1], [245])"
0.5,"[0.08511368400377674, 0.09321390563608534, 0.09098134526585086, 0.08511368400377674, 0.1076927149059184, 0.08511368400377674, 0.0919192890143656, 0.09870503614453048, 0.0919192890143656, 0.08511368400377674, 0.08511368400377674]","([237], [1], [1], [246])"
0.5,"[0.08514499243366906, 0.09288035117659947, 0.09101481207090233, 0.08514499243366906, 0.10773232886287505, 0.08514499243366906, 0.09195310083498578, 0.09874134405130625, 0.09195310083498578, 0.08514499243366906, 0.08514499243366906]","([238], [1], [1], [247])"
0.5,"[0.08517360344835502, 0.09257553450033239, 0.09104539550335525, 0.08517360344835502, 0.10776852983201189, 0.08517360344835502, 0.09198399955777865, 0.0987745238069679, 0.09198399955777865, 0.08517360344835502, 0.08517360344835502]","([239], [10], [1], [248])"
0.5,"[0.08517360344835502, 0.09257553450033239, 0.09104539550335525, 0.08517360344835502, 0.10776852983201189, 0.08517360344835502, 0.09198399955777865, 0.0987745238069679, 0.09198399955777865, 0.08517360344835502, 0.08517360344835502]","([240], [6], [1], [249])"
0.5,"[0.0851958983393422, 0.09259976690762997, 0.09106922738418981, 0.0851958983393422, 0.10779673913075208, 0.0851958983393422, 0.09174631890409193, 0.09880037885068367, 0.09200807712594151, 0.0851958983393422, 0.0851958983393422]","([241], [6], [1], [250])"
0.5,"[0.08521655435154206, 0.09262221801093697, 0.09109130740339903, 0.08521655435154206, 0.10782287478753828, 0.08521655435154206, 0.09152610995644324, 0.09882433331176302, 0.09203038477220905, 0.08521655435154206, 0.08521655435154206]","([242], [6], [1], [251])"
0.5,"[0.08523574572250418, 0.09264307718975155, 0.09111182181031334, 0.08523574572250418, 0.1078471572618063, 0.08523574572250418, 0.09132151520879243, 0.09884658925082442, 0.09205111066599096, 0.08523574572250418, 0.08523574572250418]","([243], [1], [1], [252])"
0.5,"[0.0852620316781796, 0.09236325628066461, 0.09113991989626674, 0.0852620316781796, 0.10788041637828934, 0.0852620316781796, 0.09134967796234897, 0.09887707267115105, 0.0920794984203812, 0.0852620316781796, 0.0852620316781796]","([244], [2], [1], [253])"
0.5,"[0.0852787283344138, 0.09238134355243655, 0.09096194003789604, 0.0852787283344138, 0.10790154233777234, 0.0852787283344138, 0.0913675667475447, 0.09889643552773963, 0.0920975301245417, 0.0852787283344138, 0.0852787283344138]","([245], [4], [2], [255])"
0.5,"[0.08434131589155876, 0.09136585677601407, 0.08996205582194731, 0.08434131589155876, 0.11770778840637026, 0.08434131589155876, 0.090363223746478, 0.09780933267069217, 0.09108516312070442, 0.08434131589155876, 0.08434131589155876]","([246], [5], [2], [257])"
0.5,"[0.08355902509180496, 0.0905184112694797, 0.08912763098694793, 0.08355902509180496, 0.11661601364620335, 0.0928343226311464, 0.08952507795961534, 0.09690212200804707, 0.09024032113134045, 0.08355902509180496, 0.08355902509180496]","([247], [4], [1], [258])"
0.5,"[0.0837288316016272, 0.09070236046557713, 0.0893087538749901, 0.0837288316016272, 0.11482082334341105, 0.09302297816297418, 0.08970700852921189, 0.09709904401754246, 0.09042370519978445, 0.0837288316016272, 0.0837288316016272]","([248], [7], [1], [259])"
0.5,"[0.08377175581523837, 0.09074885971107224, 0.08935453867761242, 0.08377175581523837, 0.11487968709982478, 0.09307066709053993, 0.08975299750007021, 0.09663616506935971, 0.09047006159056722, 0.08377175581523837, 0.08377175581523837]","([249], [9], [1], [260])"
0.5,"[0.08377175581523837, 0.09074885971107224, 0.08935453867761242, 0.08377175581523837, 0.11487968709982478, 0.09307066709053993, 0.08975299750007021, 0.09663616506935971, 0.09047006159056722, 0.08377175581523837, 0.08377175581523837]","([250], [4], [1], [261])"
0.5,"[0.08392278701296411, 0.09091246985438399, 0.08951563501452668, 0.08392278701296411, 0.11328391320577465, 0.09323846319540875, 0.08991481221411068, 0.0968103893721932, 0.09063316909174556, 0.08392278701296411, 0.08392278701296411]","([251], [7], [1], [262])"
0.5,"[0.08396273024741598, 0.0909557398437068, 0.08955824017724537, 0.08396273024741598, 0.11333783093260257, 0.0932828402463612, 0.08995760736609257, 0.09638051429706954, 0.0906763061472581, 0.08396273024741598, 0.08396273024741598]","([252], [10], [1], [263])"
0.5,"[0.08396273024741598, 0.0909557398437068, 0.08955824017724537, 0.08396273024741598, 0.11333783093260257, 0.0932828402463612, 0.08995760736609257, 0.09638051429706954, 0.0906763061472581, 0.08396273024741598, 0.08396273024741598]","([253], [4], [1], [264])"
0.5,"[0.0840979262133155, 0.09110219588516759, 0.08970244597843055, 0.0840979262133155, 0.1119101361920862, 0.09343304336209832, 0.09010245622441376, 0.09653570525722398, 0.09082231224731768, 0.0840979262133155, 0.0840979262133155]","([254], [4], [1], [265])"
0.5,"[0.08421953767547719, 0.09123393600940838, 0.08983216196675643, 0.08421953767547719, 0.11062589635726905, 0.09356815405422954, 0.09023275065543239, 0.09667530261468274, 0.09095364764031282, 0.08421953767547719, 0.08421953767547719]","([255], [5], [1], [266])"
